"$Ha [mm]","$La [mm]","Freq [GHz]","dB(ActiveS(4:1)) []"
2,15,2.5,-2.21810870381231
2,15,2.51,-2.29274852840377
2,15,2.52,-2.36952301172273
2,15,2.53,-2.44852977308198
2,15,2.54,-2.52986811617385
2,15,2.55,-2.61363884910748
2,15,2.56,-2.69994408157004
2,15,2.57,-2.78888700031651
2,15,2.58,-2.88057162521106
2,15,2.59,-2.97510254919213
2,15,2.6,-3.07258466673981
2,15,2.61,-3.17312289657204
2,15,2.62,-3.2768219052142
2,15,2.63,-3.38378583854962
2,15,2.64,-3.49411806818425
2,15,2.65,-3.60792095812472
2,15,2.66,-3.72529565453242
2,15,2.67,-3.84634189685843
2,15,2.68,-3.97115784223834
2,15,2.69,-4.09983988653235
2,15,2.7,-4.23248245495238
2,15,2.71,-4.3691777232357
2,15,2.72,-4.51001521756934
2,15,2.73,-4.6550812290855
2,15,2.74,-4.80445796824109
2,15,2.75,-4.95822237754834
2,15,2.76,-5.11644451985019
2,15,2.77,-5.27918546546274
2,15,2.78,-5.44649461652377
2,15,2.79,-5.61840643166293
2,15,2.8,-5.79493654865762
2,15,2.81,-5.97607734602645
2,15,2.82,-6.16179303438392
2,15,2.83,-6.3520144215811
2,15,2.84,-6.54663354796729
2,15,2.85,-6.74549843454998
2,15,2.86,-6.94840822192055
2,15,2.87,-7.15510899584392
2,15,2.88,-7.36529059077561
2,15,2.89,-7.57858463020391
2,15,2.9,-7.7945639987578
2,15,2.91,-8.01274384378709
2,15,2.92,-8.23258407543369
2,15,2.93,-8.45349318094092
2,15,2.94,-8.67483300440234
2,15,2.95,-8.89592398775875
2,15,2.96,-9.11605024938293
2,15,2.97,-9.3344638233962
2,15,2.98,-9.55038742494127
2,15,2.99,-9.76301526514851
2,15,3,-9.97151172106762
2,15,3.01,-10.1750080573046
2,15,3.02,-10.3725978629012
2,15,3.03,-10.5633323552071
2,15,3.04,-10.7462171444795
2,15,3.05,-10.9202123744637
2,15,3.06,-11.0842382812825
2,15,3.07,-11.2371880777547
2,15,3.08,-11.3779496179988
2,15,3.09,-11.5054364975487
2,15,3.1,-11.6186281102822
2,15,3.11,-11.7166167961964
2,15,3.12,-11.7986587428505
2,15,3.13,-11.8642240060159
2,15,3.14,-11.9130402015815
2,15,3.15,-11.9451243752995
2,15,3.16,-11.9607984376103
2,15,3.17,-11.9606853050603
2,15,3.18,-11.945685231025
2,15,3.19,-11.9169342773114
2,15,3.2,-11.8757489748958
2,15,3.21,-11.8235625571661
2,15,3.22,-11.7618585520912
2,15,3.23,-11.6921070649674
2,15,3.24,-11.6157080335101
2,15,3.25,-11.5339444388567
2,15,3.26,-11.4479472324943
2,15,3.27,-11.3586728106445
2,15,3.28,-11.2668933132142
2,15,3.29,-11.1731997762708
2,15,3.3,-11.0780180279557
2,15,3.31,-10.9816368983465
2,15,3.32,-10.8842474992204
2,15,3.33,-10.7859907934331
2,15,3.34,-10.6870084413636
2,15,3.35,-10.5874894344741
2,15,3.36,-10.4877032544743
2,15,3.37,-10.3880105085697
2,15,3.38,-10.2888452784011
2,15,3.39,-10.1906699498055
2,15,3.4,-10.0939117243432
2,15,3.41,-9.99889756702764
2,15,3.42,-9.90580770260401
2,15,3.43,-9.81466455526764
2,15,3.44,-9.72536412373485
2,15,3.45,-9.63774291957379
2,15,3.46,-9.55166076888214
2,15,3.47,-9.46707346768624
2,15,3.48,-9.38407281502676
2,15,3.49,-9.30288387010997
2,15,3.5,-9.22382492779312
2,15,3.51,-9.14724761757087
2,15,3.52,-9.07347802595639
2,15,3.53,-9.00277484103139
2,15,3.54,-8.93531112547454
2,15,3.55,-8.87117734301313
2,15,3.56,-8.81039793118457
2,15,3.57,-8.75295266510567
2,15,3.58,-8.69879601973514
2,15,3.59,-8.6478708453019
2,15,3.6,-8.6001154667034
2,15,3.61,-8.55546511989963
2,15,3.62,-8.51384940831749
2,15,3.63,-8.47518749687575
2,15,3.64,-8.439382425972
2,15,3.65,-8.40631551345318
2,15,3.66,-8.37584149797847
2,15,3.67,-8.3477849481139
2,15,3.68,-8.32193854279379
2,15,3.69,-8.2980641019542
2,15,3.7,-8.27589763926164
2,15,3.71,-8.25516005589594
2,15,3.72,-8.2355750797592
2,15,3.73,-8.21689519885416
2,15,3.74,-8.19893413810644
2,15,3.75,-8.18160078305822
2,15,3.76,-8.16492531873414
2,15,3.77,-8.14906612270988
2,15,3.78,-8.13428861014836
2,15,3.79,-8.12091588536704
2,15,3.8,-8.10926255089046
2,15,3.81,-8.09957076988803
2,15,3.82,-8.0919664920318
2,15,3.83,-8.08644446269445
2,15,3.84,-8.08287936783406
2,15,3.85,-8.08105339575489
2,15,3.86,-8.08068962215946
2,15,3.87,-8.08148392283502
2,15,3.88,-8.08313234188701
2,15,3.89,-8.08535378704136
2,15,3.9,-8.08790896023464
2,15,3.91,-8.09061599003075
2,15,3.92,-8.09336213395469
2,15,3.93,-8.09610995868784
2,15,3.94,-8.09889614627063
2,15,3.95,-8.10182174006822
2,15,3.96,-8.10503408773991
2,15,3.97,-8.10870250069305
2,15,3.98,-8.11299113189517
2,15,3.99,-8.11803327142127
2,15,4,-8.12391095311656
2,15,4.01,-8.13064258703311
2,15,4.02,-8.13817967435318
2,15,4.03,-8.14641200297999
2,15,4.04,-8.15517945168088
2,15,4.05,-8.16428784667563
2,15,4.06,-8.17352621638055
2,15,4.07,-8.18268313821421
2,15,4.08,-8.19156047152188
2,15,4.09,-8.19998344507983
2,15,4.1,-8.20780669517633
2,15,4.11,-8.21491637148995
2,15,4.12,-8.22122882558866
2,15,4.13,-8.22668666919009
2,15,4.14,-8.23125313401068
2,15,4.15,-8.23490567992712
2,15,4.16,-8.2376296927158
2,15,4.17,-8.23941291626514
2,15,4.18,-8.24024102285095
2,15,4.19,-8.24009448800422
2,15,4.2,-8.23894674173275
2,15,4.21,-8.23676343463847
2,15,4.22,-8.23350258701662
2,15,4.23,-8.22911537053889
2,15,4.24,-8.22354728989379
2,15,4.25,-8.21673957044068
2,15,4.26,-8.20863060534032
2,15,4.27,-8.19915736342728
2,15,4.28,-8.18825670237401
2,15,4.29,-8.17586656802579
2,15,4.3,-8.16192708921816
2,15,4.31,-8.14638159761515
2,15,4.32,-8.12917761378094
2,15,4.33,-8.11026784299819
2,15,4.34,-8.08961121588327
2,15,4.35,-8.06717398806372
2,15,4.36,-8.04293087943276
2,15,4.37,-8.01686618879219
2,15,4.38,-7.98897477071359
2,15,4.39,-7.95926272068571
2,15,4.4,-7.92774759911744
2,15,4.41,-7.89445805108035
2,15,4.42,-7.8594327545294
2,15,4.43,-7.82271874585567
2,15,4.44,-7.7843692993513
2,15,4.45,-7.74444163627239
2,15,4.46,-7.70299477435868
2,15,4.47,-7.66008778642879
2,15,4.48,-7.61577863233441
2,15,4.49,-7.57012359863797
2,15,4.5,-7.52317726527785
2,15,4.51,-7.47499284597805
2,15,4.52,-7.42562272699795
2,15,4.53,-7.37511904768509
2,15,4.54,-7.32353420853079
2,15,4.55,-7.27092124063951
2,15,4.56,-7.21733401263107
2,15,4.57,-7.16282728133322
2,15,4.58,-7.10745661054728
2,15,4.59,-7.05127818987811
2,15,4.6,-6.99434858627181
2,15,4.61,-6.93672445746642
2,15,4.62,-6.87846225129116
2,15,4.63,-6.8196179091241
2,15,4.64,-6.76024658666032
2,15,4.65,-6.70040240081488
2,15,4.66,-6.64013820816915
2,15,4.67,-6.57950541779222
2,15,4.68,-6.51855383939849
2,15,4.69,-6.45733156648658
2,15,4.7,-6.39588489320845
2,15,4.71,-6.33425826312465
2,15,4.72,-6.27249424762209
2,15,4.73,-6.21063355153572
2,15,4.74,-6.14871504337468
2,15,4.75,-6.08677580747064
2,15,4.76,-6.02485121531653
2,15,4.77,-5.96297501332982
2,15,4.78,-5.90117942424518
2,15,4.79,-5.83949525930963
2,15,4.8,-5.77795203841475
2,15,4.81,-5.71657811525401
2,15,4.82,-5.65540080453866
2,15,4.83,-5.59444650824441
2,15,4.84,-5.53374083779672
2,15,4.85,-5.47330872903911
2,15,4.86,-5.41317454677189
2,15,4.87,-5.35336217560584
2,15,4.88,-5.29389509385416
2,15,4.89,-5.23479642719753
2,15,4.9,-5.17608897891111
2,15,4.91,-5.1177952335519
2,15,4.92,-5.05993733118238
2,15,4.93,-5.00253700946494
2,15,4.94,-4.94561551131337
2,15,4.95,-4.8891934562441
2,15,4.96,-4.83329067413802
2,15,4.97,-4.77792600080997
2,15,4.98,-4.72311703558516
2,15,4.99,-4.66887986199418
2,15,5,-4.61522873370644
2,18,2.5,-2.06447075260663
2,18,2.51,-2.12861330468722
2,18,2.52,-2.19451489500065
2,18,2.53,-2.26228442554125
2,18,2.54,-2.33203145591109
2,18,2.55,-2.40386634662175
2,18,2.56,-2.47790034829163
2,18,2.57,-2.55424562281038
2,18,2.58,-2.63301518987359
2,18,2.59,-2.71432279732292
2,18,2.6,-2.79828271713338
2,18,2.61,-2.88500947119749
2,18,2.62,-2.97461749265782
2,18,2.63,-3.06722072970333
2,18,2.64,-3.16293219963286
2,18,2.65,-3.26186350166375
2,18,2.66,-3.36412429740084
2,18,2.67,-3.46982176797833
2,18,2.68,-3.57906005647581
2,18,2.69,-3.69193970307814
2,18,2.7,-3.80855707836853
2,18,2.71,-3.92900381691794
2,18,2.72,-4.05336624884636
2,18,2.73,-4.18172482131305
2,18,2.74,-4.3141534951787
2,18,2.75,-4.45071909485394
2,18,2.76,-4.59148058233945
2,18,2.77,-4.7364882206194
2,18,2.78,-4.88578258794239
2,18,2.79,-5.03939340411491
2,18,2.8,-5.19733813349897
2,18,2.81,-5.35962033727894
2,18,2.82,-5.52622775950394
2,18,2.83,-5.69713014657533
2,18,2.84,-5.87227681685146
2,18,2.85,-6.05159401414865
2,18,2.86,-6.23498209431005
2,18,2.87,-6.42231260606866
2,18,2.88,-6.61342533497093
2,18,2.89,-6.80812538158055
2,18,2.9,-7.00618034264968
2,18,2.91,-7.20731765716244
2,18,2.92,-7.41122216941618
2,18,2.93,-7.61753395033829
2,18,2.94,-7.8258464080951
2,18,2.95,-8.03570471201216
2,18,2.96,-8.24660455225869
2,18,2.97,-8.45799126395386
2,18,2.98,-8.66925936029603
2,18,2.99,-8.87975254626854
2,18,3,-9.08876432252053
2,18,3.01,-9.29553933648019
2,18,3.02,-9.49927569060968
2,18,3.03,-9.69912846914515
2,18,3.04,-9.89421478496248
2,18,3.05,-10.083620665164
2,18,3.06,-10.2664100741208
2,18,3.07,-10.4416363033986
2,18,3.08,-10.6083558304386
2,18,3.09,-10.765644560516
2,18,3.1,-10.9126161282811
2,18,3.11,-11.048441667214
2,18,3.12,-11.1723701901412
2,18,3.13,-11.2837485013049
2,18,3.14,-11.3820394199713
2,18,3.15,-11.4668370680406
2,18,3.16,-11.5378780750477
2,18,3.17,-11.5950477830704
2,18,3.18,-11.6383808841806
2,18,3.19,-11.6680563962072
2,18,3.2,-11.6843875031933
2,18,3.21,-11.6878075888327
2,18,3.22,-11.6788547445652
2,18,3.23,-11.6581578938748
2,18,3.24,-11.6264278174569
2,18,3.25,-11.5844548623907
2,18,3.26,-11.5331114149406
2,18,3.27,-11.4733523621106
2,18,3.28,-11.4062040142095
2,18,3.29,-11.3327348799007
2,18,3.3,-11.2540102624723
2,18,3.31,-11.1710417183025
2,18,3.32,-11.0847457189817
2,18,3.33,-10.9959217564524
2,18,3.34,-10.905252326706
2,18,3.35,-10.8133203957592
2,18,3.36,-10.7206361426922
2,18,3.37,-10.6276636744438
2,18,3.38,-10.5348394232724
2,18,3.39,-10.4425771972823
2,18,3.4,-10.3512603316305
2,18,3.41,-10.2612273769414
2,18,3.42,-10.1727606640002
2,18,3.43,-10.086083630227
2,18,3.44,-10.0013636215004
2,18,3.45,-9.91870977851165
2,18,3.46,-9.83817301210286
2,18,3.47,-9.75984520336732
2,18,3.48,-9.68411981136585
2,18,3.49,-9.6111517354
2,18,3.5,-9.53991763342419
2,18,3.51,-9.46930204302796
2,18,3.52,-9.39862591332956
2,18,3.53,-9.32742979311903
2,18,3.54,-9.25545770241142
2,18,3.55,-9.18269517225443
2,18,3.56,-9.10937463400506
2,18,3.57,-9.03638081198646
2,18,3.58,-8.96627837832967
2,18,3.59,-8.902558992672
2,18,3.6,-8.84671859206315
2,18,3.61,-8.79768947106653
2,18,3.62,-8.75355372616959
2,18,3.63,-8.71273447800305
2,18,3.64,-8.67423975247512
2,18,3.65,-8.6375389833754
2,18,3.66,-8.602398792379
2,18,3.67,-8.56876059790192
2,18,3.68,-8.53666134713821
2,18,3.69,-8.50618413498846
2,18,3.7,-8.47742743410836
2,18,3.71,-8.4504855681624
2,18,3.72,-8.4254359939951
2,18,3.73,-8.40233081051238
2,18,3.74,-8.38119103581077
2,18,3.75,-8.362002894618
2,18,3.76,-8.34471583163673
2,18,3.77,-8.32924232525256
2,18,3.78,-8.31545987563804
2,18,3.79,-8.30321579363613
2,18,3.8,-8.29233559129757
2,18,3.81,-8.28263578913352
2,18,3.82,-8.27394166350839
2,18,3.83,-8.26610965516526
2,18,3.84,-8.25905263467631
2,18,3.85,-8.25276390535636
2,18,3.86,-8.24733308311698
2,18,3.87,-8.24294497321909
2,18,3.88,-8.2398532961389
2,18,3.89,-8.2383267821947
2,18,3.9,-8.23857616485089
2,18,3.91,-8.24068334367167
2,18,3.92,-8.24456089152654
2,18,3.93,-8.24996420235707
2,18,3.94,-8.25656028617708
2,18,3.95,-8.26403549679969
2,18,3.96,-8.27220625537582
2,18,3.97,-8.28106063939656
2,18,3.98,-8.29052109687601
2,18,3.99,-8.29960310451074
2,18,4,-8.30620700024629
2,18,4.01,-8.31016546294669
2,18,4.02,-8.31379173478258
2,18,4.03,-8.31850705314642
2,18,4.04,-8.32446378650892
2,18,4.05,-8.33143834114935
2,18,4.06,-8.3391856262578
2,18,4.07,-8.34749572713759
2,18,4.08,-8.35618964864978
2,18,4.09,-8.36511234260462
2,18,4.1,-8.37412950881896
2,18,4.11,-8.3831267240894
2,18,4.12,-8.39201017596457
2,18,4.13,-8.40070977846868
2,18,4.14,-8.40918608992825
2,18,4.15,-8.41744044680126
2,18,4.16,-8.42551835387336
2,18,4.17,-8.43347510568884
2,18,4.18,-8.44126529142437
2,18,4.19,-8.44861062510813
2,18,4.2,-8.45504886564036
2,18,4.21,-8.4601940443073
2,18,4.22,-8.46389394697772
2,18,4.23,-8.46615470983784
2,18,4.24,-8.46701469117696
2,18,4.25,-8.46648537756659
2,18,4.26,-8.46454487550771
2,18,4.27,-8.46114842124959
2,18,4.28,-8.45623939615202
2,18,4.29,-8.44975705233116
2,18,4.3,-8.44164129354014
2,18,4.31,-8.43183550773955
2,18,4.32,-8.42028822612377
2,18,4.33,-8.40695409172721
2,18,4.34,-8.39179441687184
2,18,4.35,-8.37477748695937
2,18,4.36,-8.355878699451
2,18,4.37,-8.33508058892443
2,18,4.38,-8.31237276818107
2,18,4.39,-8.2877518037944
2,18,4.4,-8.26122103803165
2,18,4.41,-8.23279036545867
2,18,4.42,-8.2024759705037
2,18,4.43,-8.17030003112278
2,18,4.44,-8.13629039309053
2,18,4.45,-8.10048021911264
2,18,4.46,-8.06290761679126
2,18,4.47,-8.02361524939208
2,18,4.48,-7.98264993331476
2,18,4.49,-7.94006222612365
2,18,4.5,-7.89590600893824
2,18,4.51,-7.85023806689635
2,18,4.52,-7.80311767128584
2,18,4.53,-7.75460616678671
2,18,4.54,-7.70476656707723
2,18,4.55,-7.65366316183696
2,18,4.56,-7.6013611379302
2,18,4.57,-7.54792621728042
2,18,4.58,-7.49342431365619
2,18,4.59,-7.43792121028622
2,18,4.6,-7.38148225991342
2,18,4.61,-7.32417210858971
2,18,4.62,-7.26605444420986
2,18,4.63,-7.20719177048937
2,18,4.64,-7.14764520681149
2,18,4.65,-7.08747431410512
2,18,4.66,-7.02673694667032
2,18,4.67,-6.96548912964421
2,18,4.68,-6.90378496159592
2,18,4.69,-6.84167654155603
2,18,4.7,-6.77921391962294
2,18,4.71,-6.71644507014309
2,18,4.72,-6.65341588633349
2,18,4.73,-6.59017019510056
2,18,4.74,-6.52674979070541
2,18,4.75,-6.46319448583108
2,18,4.76,-6.39954217851655
2,18,4.77,-6.33582893333405
2,18,4.78,-6.27208907509558
2,18,4.79,-6.20835529327897
2,18,4.8,-6.14465875526041
2,18,4.81,-6.08102922632503
2,18,4.82,-6.01749519430015
2,18,4.83,-5.95408399651311
2,18,4.84,-5.89082194661964
2,18,4.85,-5.82773445867957
2,18,4.86,-5.76484616567765
2,18,4.87,-5.70218102950597
2,18,4.88,-5.63976243924783
2,18,4.89,-5.57761329444479
2,18,4.9,-5.51575606990549
2,18,4.91,-5.454212858545
2,18,4.92,-5.39300538875532
2,18,4.93,-5.3321550129246
2,18,4.94,-5.27168266397969
2,18,4.95,-5.21160877725364
2,18,4.96,-5.15195317560788
2,18,4.97,-5.09273491659572
2,18,4.98,-5.03397210155869
2,18,4.99,-4.97568164790566
2,18,5,-4.91787902742937
2,21,2.5,-1.89936228945945
2,21,2.51,-1.95277134467477
2,21,2.52,-2.00808920083977
2,21,2.53,-2.06540655013294
2,21,2.54,-2.12481465174346
2,21,2.55,-2.18640482292133
2,21,2.56,-2.25026800150761
2,21,2.57,-2.31649439813491
2,21,2.58,-2.38517324997
2,21,2.59,-2.45639268014063
2,21,2.6,-2.53023965852952
2,21,2.61,-2.60680005123558
2,21,2.62,-2.68615873851355
2,21,2.63,-2.76839977512982
2,21,2.64,-2.85360656334571
2,21,2.65,-2.94186200744279
2,21,2.66,-3.03324861985425
2,21,2.67,-3.12784855233796
2,21,2.68,-3.22574353080861
2,21,2.69,-3.32701467890935
2,21,2.7,-3.43174222257116
2,21,2.71,-3.54000507511191
2,21,2.72,-3.65188030934545
2,21,2.73,-3.76744252924569
2,21,2.74,-3.88676315855177
2,21,2.75,-4.0099096669844
2,21,2.76,-4.13694475621242
2,21,2.77,-4.26792552718073
2,21,2.78,-4.4029026478047
2,21,2.79,-4.54191953539698
2,21,2.8,-4.68501156173699
2,21,2.81,-4.83220528082602
2,21,2.82,-4.98351767069646
2,21,2.83,-5.13895537193289
2,21,2.84,-5.2985138976776
2,21,2.85,-5.46217678366452
2,21,2.86,-5.62991464290732
2,21,2.87,-5.8016840883753
2,21,2.88,-5.97742648818763
2,21,2.89,-6.15706652093503
2,21,2.9,-6.34051050272601
2,21,2.91,-6.52764446140515
2,21,2.92,-6.71833193638794
2,21,2.93,-6.9124114847849
2,21,2.94,-7.1096938771754
2,21,2.95,-7.30995897200348
2,21,2.96,-7.51295226945721
2,21,2.97,-7.718381167355
2,21,2.98,-7.92591097553342
2,21,2.99,-8.13516079188247
2,21,3,-8.34569939957386
2,21,3.01,-8.55704140401853
2,21,3.02,-8.76864387749361
2,21,3.03,-8.97990380097737
2,21,3.04,-9.19015655992479
2,21,3.05,-9.39867562206389
2,21,3.06,-9.6046732260884
2,21,3.07,-9.8073012789786
2,21,3.08,-10.0056502862443
2,21,3.09,-10.198740827465
2,21,3.1,-10.3854928431594
2,21,3.11,-10.5646270258402
2,21,3.12,-10.7343209056098
2,21,3.13,-10.8906381379068
2,21,3.14,-11.0138140752183
2,21,3.15,-11.3452333331607
2,21,3.16,-11.3861829471459
2,21,3.17,-11.4956036930691
2,21,3.18,-11.6018612571126
2,21,3.19,-11.6984674770847
2,21,3.2,-11.7836146791136
2,21,3.21,-11.8565636856627
2,21,3.22,-11.9169932287184
2,21,3.23,-11.9648167528888
2,21,3.24,-12.0001118602172
2,21,3.25,-12.0230831959672
2,21,3.26,-12.0340368046538
2,21,3.27,-12.033360138183
2,21,3.28,-12.0215074548257
2,21,3.29,-11.9989920119504
2,21,3.3,-11.966385953053
2,21,3.31,-11.924326869655
2,21,3.32,-11.8735275185036
2,21,3.33,-11.8147831850882
2,21,3.34,-11.7489707543005
2,21,3.35,-11.6770351964546
2,21,3.36,-11.5999625489291
2,21,3.37,-11.518742430171
2,21,3.38,-11.4343262523033
2,21,3.39,-11.347588569275
2,21,3.4,-11.2592981594534
2,21,3.41,-11.1701029988647
2,21,3.42,-11.0805301463601
2,21,3.43,-10.9909986508339
2,21,3.44,-10.9018415489013
2,21,3.45,-10.8133321132304
2,21,3.46,-10.7257096139634
2,21,3.47,-10.639200532942
2,21,3.48,-10.5540318782819
2,21,3.49,-10.470433688711
2,21,3.5,-10.3886282972488
2,21,3.51,-10.3088053316425
2,21,3.52,-10.231084576994
2,21,3.53,-10.1554734110858
2,21,3.54,-10.0818296212029
2,21,3.55,-10.0098413813958
2,21,3.56,-9.93903282366173
2,21,3.57,-9.86879834212319
2,21,3.58,-9.79846780977575
2,21,3.59,-9.7274155761008
2,21,3.6,-9.65524784738568
2,21,3.61,-9.58210829805555
2,21,3.62,-9.50906010414925
2,21,3.63,-9.43828136501252
2,21,3.64,-9.37262171801617
2,21,3.65,-9.31438358408232
2,21,3.66,-9.26412350341373
2,21,3.67,-9.22062730583529
2,21,3.68,-9.18197888493776
2,21,3.69,-9.14656120549835
2,21,3.7,-9.11338713006529
2,21,3.71,-9.08198866181369
2,21,3.72,-9.05220818459309
2,21,3.73,-9.02403910943249
2,21,3.74,-8.99753275247248
2,21,3.75,-8.97275099409024
2,21,3.76,-8.9497446574147
2,21,3.77,-8.92854498642205
2,21,3.78,-8.90916145467506
2,21,3.79,-8.89158256828777
2,21,3.8,-8.87577812228214
2,21,3.81,-8.86170225194092
2,21,3.82,-8.84929702879603
2,21,3.83,-8.83849651472473
2,21,3.84,-8.82923121889963
2,21,3.85,-8.82143285213035
2,21,3.86,-8.81503916471561
2,21,3.87,-8.80999850145343
2,21,3.88,-8.80627352806568
2,21,3.89,-8.80384340630846
2,21,3.9,-8.80270356948223
2,21,3.91,-8.80286224934128
2,21,3.92,-8.80433312590948
2,21,3.93,-8.80712401909709
2,21,3.94,-8.81122249510147
2,21,3.95,-8.81658060783919
2,21,3.96,-8.82310252435518
2,21,3.97,-8.83063996381129
2,21,3.98,-8.83900032131453
2,21,3.99,-8.84797001817377
2,21,4,-8.85735053546748
2,21,4.01,-8.86699787544296
2,21,4.02,-8.87685118744791
2,21,4.03,-8.88693726208888
2,21,4.04,-8.89734631653464
2,21,4.05,-8.90818728065126
2,21,4.06,-8.9195399723864
2,21,4.07,-8.93142140580957
2,21,4.08,-8.9437749877513
2,21,4.09,-8.956480761649
2,21,4.1,-8.96937807099023
2,21,4.11,-8.98229087220689
2,21,4.12,-8.9950486644078
2,21,4.13,-9.00749985578705
2,21,4.14,-9.01951747663824
2,21,4.15,-9.03099886869898
2,21,4.16,-9.04186152732977
2,21,4.17,-9.05203710426151
2,21,4.18,-9.06146509952067
2,21,4.19,-9.07008723959551
2,21,4.2,-9.07784308143036
2,21,4.21,-9.08466703987012
2,21,4.22,-9.09048680692282
2,21,4.23,-9.09522299405165
2,21,4.24,-9.0987897594381
2,21,4.25,-9.10109615932231
2,21,4.26,-9.1020479694794
2,21,4.27,-9.10154974775973
2,21,4.28,-9.09950694342382
2,21,4.29,-9.09582789854322
2,21,4.3,-9.09042562759592
2,21,4.31,-9.08321930113213
2,21,4.32,-9.07413539609627
2,21,4.33,-9.06310850742311
2,21,4.34,-9.05008184152299
2,21,4.35,-9.03500743129591
2,21,4.36,-9.01784612399741
2,21,4.37,-8.99856739791433
2,21,4.38,-8.97714906232516
2,21,4.39,-8.953576889038
2,21,4.4,-8.9278442146016
2,21,4.41,-8.89995154176018
2,21,4.42,-8.86990615833878
2,21,4.43,-8.83772178260559
2,21,4.44,-8.8034182369287
2,21,4.45,-8.76702114648699
2,21,4.46,-8.72856165683233
2,21,4.47,-8.68807616292803
2,21,4.48,-8.64560604248001
2,21,4.49,-8.60119738747332
2,21,4.5,-8.55490072940569
2,21,4.51,-8.50677075542107
2,21,4.52,-8.45686601413411
2,21,4.53,-8.40524861123524
2,21,4.54,-8.35198389589398
2,21,4.55,-8.29714013952048
2,21,4.56,-8.24078820863909
2,21,4.57,-8.18300123354509
2,21,4.58,-8.12385427414889
2,21,4.59,-8.06342398406067
2,21,4.6,-8.00178827362766
2,21,4.61,-7.93902597238743
2,21,4.62,-7.87521649130195
2,21,4.63,-7.81043948521977
2,21,4.64,-7.74477451627973
2,21,4.65,-7.67830071939101
2,21,4.66,-7.61109647145079
2,21,4.67,-7.54323906652583
2,21,4.68,-7.47480439975602
2,21,4.69,-7.40586666316824
2,21,4.7,-7.33649805686496
2,21,4.71,-7.26676851914043
2,21,4.72,-7.19674547896848
2,21,4.73,-7.12649363401458
2,21,4.74,-7.05607475688252
2,21,4.75,-6.98554753175841
2,21,4.76,-6.91496742301372
2,21,4.77,-6.84438657672135
2,21,4.78,-6.77385375546719
2,21,4.79,-6.70341430633283
2,21,4.8,-6.63311016149795
2,21,4.81,-6.56297987056634
2,21,4.82,-6.49305866344565
2,21,4.83,-6.42337854238856
2,21,4.84,-6.35396840160253
2,21,4.85,-6.28485417262531
2,21,4.86,-6.21605899340601
2,21,4.87,-6.14760339868797
2,21,4.88,-6.07950552881731
2,21,4.89,-6.01178135345009
2,21,4.9,-5.94444490574117
2,21,4.91,-5.87750852139152
2,21,4.92,-5.81098307529639
2,21,4.93,-5.74487820631755
2,21,4.94,-5.67920251766282
2,21,4.95,-5.61396373614472
2,21,4.96,-5.5491688076736
2,21,4.97,-5.4848238979123
2,21,4.98,-5.42093425484217
2,21,4.99,-5.35750387216483
2,21,5,-5.29453486604593
2,24,2.5,-1.12301702625055
2,24,2.51,-1.16049106339568
2,24,2.52,-1.20059720440024
2,24,2.53,-1.24374171181002
2,24,2.54,-1.29043708356219
2,24,2.55,-1.34132974398086
2,24,2.56,-1.39723181126807
2,24,2.57,-1.45915465312339
2,24,2.58,-1.52833892929614
2,24,2.59,-1.60627090840434
2,24,2.6,-1.69466772218586
2,24,2.61,-1.79540558998826
2,24,2.62,-1.91035807134689
2,24,2.63,-2.04111350485382
2,24,2.64,-2.18856404638008
2,24,2.65,-2.35241475471703
2,24,2.66,-2.53074621726839
2,24,2.67,-2.71983902356431
2,24,2.68,-2.91445827148218
2,24,2.69,-3.10864359551226
2,24,2.7,-3.29680044404006
2,24,2.71,-3.47470520723469
2,24,2.72,-3.64007147728041
2,24,2.73,-3.7925570853347
2,24,2.74,-3.93334524474449
2,24,2.75,-4.06455110742895
2,24,2.76,-4.18866989206776
2,24,2.77,-4.30817694188852
2,24,2.78,-4.4252955719344
2,24,2.79,-4.54189798568058
2,24,2.8,-4.65949185561282
2,24,2.81,-4.77925238887595
2,24,2.82,-4.90207263121752
2,24,2.83,-5.02861630564794
2,24,2.84,-5.15936554904464
2,24,2.85,-5.29466075493
2,24,2.86,-5.43473228573223
2,24,2.87,-5.57972496577968
2,24,2.88,-5.7297166387136
2,24,2.89,-5.88473206214391
2,24,2.9,-6.04475323926446
2,24,2.91,-6.20972706628436
2,24,2.92,-6.37957095983517
2,24,2.93,-6.55417694192897
2,24,2.94,-6.73341450792315
2,24,2.95,-6.91713248480026
2,24,2.96,-7.1051599998891
2,24,2.97,-7.29730662040213
2,24,2.98,-7.49336168851332
2,24,2.99,-7.6930928622051
2,24,3,-7.89624387613539
2,24,3.01,-8.10253155683183
2,24,3.02,-8.3116421601099
2,24,3.03,-8.52322714305418
2,24,3.04,-8.7368985351792
2,24,3.05,-8.95222412996856
2,24,3.06,-9.16872277467704
2,24,3.07,-9.38586008803814
2,24,3.08,-9.6030449764007
2,24,3.09,-9.81962734202906
2,24,3.1,-10.0348973755298
2,24,3.11,-10.2480867905263
2,24,3.12,-10.4583722871508
2,24,3.13,-10.6648814192158
2,24,3.14,-10.8667008909108
2,24,3.15,-11.0628871326878
2,24,3.16,-11.2524788213659
2,24,3.17,-11.4345108432555
2,24,3.18,-11.6080290833062
2,24,3.19,-11.7721053891427
2,24,3.2,-11.9258521282126
2,24,3.21,-12.0684359321269
2,24,3.22,-12.1990904812776
2,24,3.23,-12.3171284732046
2,24,3.24,-12.4219531660246
2,24,3.25,-12.5130700126667
2,24,3.26,-12.5900988369211
2,24,3.27,-12.6527867208041
2,24,3.28,-12.7010213018257
2,24,3.29,-12.7348436039455
2,24,3.3,-12.7544589769042
2,24,3.31,-12.7602443388829
2,24,3.32,-12.7527498263426
2,24,3.33,-12.732693212228
2,24,3.34,-12.7009460399347
2,24,3.35,-12.6585112399919
2,24,3.36,-12.6064929038102
2,24,3.37,-12.5460597288267
2,24,3.38,-12.4784042972974
2,24,3.39,-12.4047007395832
2,24,3.4,-12.326063457331
2,24,3.41,-12.2435094827252
2,24,3.42,-12.1579267774033
2,24,3.43,-12.0700503438547
2,24,3.44,-11.9804473601193
2,24,3.45,-11.8895114232105
2,24,3.46,-11.7974638696013
2,24,3.47,-11.7043558389854
2,24,3.48,-11.6100552309912
2,24,3.49,-11.5141790643119
2,24,3.5,-11.4158642839913
2,24,3.51,-11.3130533428135
2,24,3.52,-11.2003450645412
2,24,3.53,-11.0677844635477
2,24,3.54,-10.9861237307627
2,24,3.55,-10.9802286234609
2,24,3.56,-10.9125349412579
2,24,3.57,-10.8298707452951
2,24,3.58,-10.7467435217231
2,24,3.59,-10.6657850139865
2,24,3.6,-10.587432365592
2,24,3.61,-10.511571260468
2,24,3.62,-10.4378996521239
2,24,3.63,-10.3660541533119
2,24,3.64,-10.2956785065493
2,24,3.65,-10.2264702563113
2,24,3.66,-10.1582246405256
2,24,3.67,-10.0909118529949
2,24,3.68,-10.0248475430542
2,24,3.69,-9.9609849680423
2,24,3.7,-9.90113161355359
2,24,3.71,-9.84750738458728
2,24,3.72,-9.80137398747141
2,24,3.73,-9.76201159316393
2,24,3.74,-9.72742830319329
2,24,3.75,-9.69580573381326
2,24,3.76,-9.66613434124912
2,24,3.77,-9.63805477075845
2,24,3.78,-9.61152888634614
2,24,3.79,-9.58662481419671
2,24,3.8,-9.56342222455964
2,24,3.81,-9.54198302605955
2,24,3.82,-9.52234837149782
2,24,3.83,-9.50454312958454
2,24,3.84,-9.48858050036988
2,24,3.85,-9.47446462318393
2,24,3.86,-9.4621910403178
2,24,3.87,-9.4517455384793
2,24,3.88,-9.4431020193481
2,24,3.89,-9.43621999975803
2,24,3.9,-9.43104225312668
2,24,3.91,-9.42749303110975
2,24,3.92,-9.42547726360042
2,24,3.93,-9.42488112111862
2,24,3.94,-9.42557431668154
2,24,3.95,-9.42741449159747
2,24,3.96,-9.43025392707952
2,24,3.97,-9.43394860170922
2,24,3.98,-9.4383692332629
2,24,3.99,-9.4434133954244
2,24,4,-9.44901714316495
2,24,4.01,-9.45516396262599
2,24,4.02,-9.46188851764364
2,24,4.03,-9.46927286710248
2,24,4.04,-9.47743377450129
2,24,4.05,-9.48650141551562
2,24,4.06,-9.49659190177118
2,24,4.07,-9.50777799533462
2,24,4.08,-9.52006350952761
2,24,4.09,-9.53336668084481
2,24,4.1,-9.54751617865863
2,24,4.11,-9.5622608050441
2,24,4.12,-9.57729107111455
2,24,4.13,-9.59226850779554
2,24,4.14,-9.60685733514002
2,24,4.15,-9.62075315608005
2,24,4.16,-9.63370447799276
2,24,4.17,-9.64552468073671
2,24,4.18,-9.65609404261204
2,24,4.19,-9.66535315861175
2,24,4.2,-9.67329023581904
2,24,4.21,-9.679925212931
2,24,4.22,-9.68529348603903
2,24,4.23,-9.68943141723598
2,24,4.24,-9.69236499198634
2,24,4.25,-9.69410218899433
2,24,4.26,-9.6946289780622
2,24,4.27,-9.69390843191787
2,24,4.28,-9.6918822247353
2,24,4.29,-9.68847374947721
2,24,4.3,-9.68359215956378
2,24,4.31,-9.67713677255098
2,24,4.32,-9.66900142238504
2,24,4.33,-9.65907848556995
2,24,4.34,-9.64726242164318
2,24,4.35,-9.63345275555227
2,24,4.36,-9.61755649043097
2,24,4.37,-9.59948997822196
2,24,4.38,-9.57918029773284
2,24,4.39,-9.55656619988745
2,24,4.4,-9.53159868217924
2,24,4.41,-9.50424125173893
2,24,4.42,-9.47446993121386
2,24,4.43,-9.44227305531406
2,24,4.44,-9.40765089935961
2,24,4.45,-9.37061517500955
2,24,4.46,-9.33118842284587
2,24,4.47,-9.2894033267263
2,24,4.48,-9.24530197080551
2,24,4.49,-9.19893505678981
2,24,4.5,-9.15036109624718
2,24,4.51,-9.09964559054146
2,24,4.52,-9.04686020910324
2,24,4.53,-8.99208197520427
2,24,4.54,-8.9353924670963
2,24,4.55,-8.87687704125064
2,24,4.56,-8.81662408344551
2,24,4.57,-8.75472429256264
2,24,4.58,-8.69127000114718
2,24,4.59,-8.62635453604069
2,24,4.6,-8.56007162170666
2,24,4.61,-8.49251482822563
2,24,4.62,-8.42377706534192
2,24,4.63,-8.35395012339411
2,24,4.64,-8.28312426146127
2,24,4.65,-8.21138784260364
2,24,4.66,-8.13882701567458
2,24,4.67,-8.06552544282919
2,24,4.68,-7.99156407155344
2,24,4.69,-7.91702094978619
2,24,4.7,-7.84197108250239
2,24,4.71,-7.76648632796599
2,24,4.72,-7.69063533174365
2,24,4.73,-7.61448349648971
2,24,4.74,-7.53809298546563
2,24,4.75,-7.4615227577379
2,24,4.76,-7.38482863300219
2,24,4.77,-7.30806338400237
2,24,4.78,-7.23127685454614
2,24,4.79,-7.15451610115653
2,24,4.8,-7.07782555643614
2,24,4.81,-7.00124721224962
2,24,4.82,-6.92482082084431
2,24,4.83,-6.84858411201969
2,24,4.84,-6.77257302441619
2,24,4.85,-6.69682194891377
2,24,4.86,-6.62136398200136
2,24,4.87,-6.54623118679134
2,24,4.88,-6.47145485909825
2,24,4.89,-6.3970657956719
2,24,4.9,-6.3230945612637
2,24,4.91,-6.24957175070811
2,24,4.92,-6.17652824161919
2,24,4.93,-6.10399543263992
2,24,4.94,-6.03200546145237
2,24,4.95,-5.96059139598288
2,24,4.96,-5.88978739145001
2,24,4.97,-5.81962880515224
2,24,4.98,-5.75015226023787
2,24,4.99,-5.68139564921742
2,24,5,-5.61339806776056
2,27,2.5,-1.27554829176434
2,27,2.51,-1.33127304210928
2,27,2.52,-1.38908470159766
2,27,2.53,-1.44902050872273
2,27,2.54,-1.51111354477251
2,27,2.55,-1.5753924123962
2,27,2.56,-1.64188111634944
2,27,2.57,-1.71059927099503
2,27,2.58,-1.78156282776924
2,27,2.59,-1.85478563086964
2,27,2.6,-1.93028230653625
2,27,2.61,-2.00807333472212
2,27,2.62,-2.08819375615202
2,27,2.63,-2.17070802900363
2,27,2.64,-2.25573537040024
2,27,2.65,-2.34349283032006
2,27,2.66,-2.43436715490555
2,27,2.67,-2.52902823545657
2,27,2.68,-2.62858396152594
2,27,2.69,-2.73471193594411
2,27,2.7,-2.84952649733187
2,27,2.71,-2.97470176836233
2,27,2.72,-3.10966358463925
2,27,2.73,-3.25031492140095
2,27,2.74,-3.39076884969313
2,27,2.75,-3.52704971187111
2,27,2.76,-3.6586123144746
2,27,2.77,-3.78701123706146
2,27,2.78,-3.91420049664443
2,27,2.79,-4.04174648526982
2,27,2.8,-4.17071925227975
2,27,2.81,-4.30181384872826
2,27,2.82,-4.43548652950657
2,27,2.83,-4.57205131696042
2,27,2.84,-4.71173873158683
2,27,2.85,-4.85472896049655
2,27,2.86,-5.00116956681571
2,27,2.87,-5.15118420322115
2,27,2.88,-5.30487615662496
2,27,2.89,-5.46232897052631
2,27,2.9,-5.6236055027805
2,27,2.91,-5.78874627891195
2,27,2.92,-5.95776771025129
2,27,2.93,-6.13066056126402
2,27,2.94,-6.30738892009448
2,27,2.95,-6.48788982636359
2,27,2.96,-6.67207363048201
2,27,2.97,-6.85982509555338
2,27,2.98,-7.05100520476827
2,27,2.99,-7.24545360180392
2,27,3,-7.44299156481238
2,27,3.01,-7.64342538927652
2,27,3.02,-7.84655002265146
2,27,3.03,-8.05215274535702
2,27,3.04,-8.26001662153964
2,27,3.05,-8.46992334723177
2,27,3.06,-8.68165500897201
2,27,3.07,-8.89499414826269
2,27,3.08,-9.10972143256475
2,27,3.09,-9.32561019716804
2,27,3.1,-9.54241718494558
2,27,3.11,-9.75986901255901
2,27,3.12,-9.97764426269541
2,27,3.13,-10.1953516540263
2,27,3.14,-10.4125054570048
2,27,3.15,-10.6285001514239
2,27,3.16,-10.842587167464
2,27,3.17,-11.0538572827295
2,27,3.18,-11.2612326981985
2,27,3.19,-11.4634728043252
2,27,3.2,-11.6591970024303
2,27,3.21,-11.8469265406993
2,27,3.22,-12.0251451283924
2,27,3.23,-12.192375224413
2,27,3.24,-12.3472636683836
2,27,3.25,-12.4886672538081
2,27,3.26,-12.6157266259549
2,27,3.27,-12.7279162833825
2,27,3.28,-12.825060137976
2,27,3.29,-12.9073064124637
2,27,3.3,-12.9750624848653
2,27,3.31,-13.0288987759347
2,27,3.32,-13.069439220074
2,27,3.33,-13.0972617670696
2,27,3.34,-13.1128329291523
2,27,3.35,-13.1164936399592
2,27,3.36,-13.1085000273048
2,27,3.37,-13.0891058955841
2,27,3.38,-13.0586601117264
2,27,3.39,-13.0176876592195
2,27,3.4,-12.9669299412101
2,27,3.41,-12.9073347037547
2,27,3.42,-12.8400020340285
2,27,3.43,-12.7661040712792
2,27,3.44,-12.6867996023688
2,27,3.45,-12.6031616143745
2,27,3.46,-12.5161291765065
2,27,3.47,-12.4264877089678
2,27,3.48,-12.3348755855319
2,27,3.49,-12.241810734037
2,27,3.5,-12.1477284233912
2,27,3.51,-12.0530206349746
2,27,3.52,-11.9580683125171
2,27,3.53,-11.8632603591966
2,27,3.54,-11.7689971541092
2,27,3.55,-11.6756806550865
2,27,3.56,-11.5836964327242
2,27,3.57,-11.4933939361951
2,27,3.58,-11.4050695146919
2,27,3.59,-11.3189531780361
2,27,3.6,-11.2351968262695
2,27,3.61,-11.153860783868
2,27,3.62,-11.074897864146
2,27,3.63,-10.9981391623569
2,27,3.64,-10.9232914108422
2,27,3.65,-10.8499594842062
2,27,3.66,-10.777706600501
2,27,3.67,-10.706157431033
2,27,3.68,-10.6351437390635
2,27,3.69,-10.564911543088
2,27,3.7,-10.4964241304396
2,27,3.71,-10.4315558021012
2,27,3.72,-10.3724628394319
2,27,3.73,-10.3201330267134
2,27,3.74,-10.27388664825
2,27,3.75,-10.2323631126328
2,27,3.76,-10.1944458255999
2,27,3.77,-10.1594614402512
2,27,3.78,-10.1270463573154
2,27,3.79,-10.0970003870952
2,27,3.8,-10.0691989110762
2,27,3.81,-10.0435496086807
2,27,3.82,-10.0199734086003
2,27,3.83,-9.99839710903086
2,27,3.84,-9.97875115961373
2,27,3.85,-9.96096941335671
2,27,3.86,-9.94498933894373
2,27,3.87,-9.93075202913756
2,27,3.88,-9.91820176754602
2,27,3.89,-9.90728513271268
2,27,3.9,-9.89794973149828
2,27,3.91,-9.89014271772379
2,27,3.92,-9.88380929383149
2,27,3.93,-9.87889142299819
2,27,3.94,-9.87532699588337
2,27,3.95,-9.87304969176173
2,27,3.96,-9.87198973563352
2,27,3.97,-9.87207566812915
2,27,3.98,-9.8732371054257
2,27,3.99,-9.87540827407055
2,27,4,-9.87853187782431
2,27,4.01,-9.88256262583837
2,27,4.02,-9.88746957793326
2,27,4.03,-9.89323641340121
2,27,4.04,-9.89985887881652
2,27,4.05,-9.90733906986751
2,27,4.06,-9.91567684148008
2,27,4.07,-9.92485940911226
2,27,4.08,-9.93485089172813
2,27,4.09,-9.94558390263579
2,27,4.1,-9.95695513185834
2,27,4.11,-9.96882615990179
2,27,4.12,-9.98102966876297
2,27,4.13,-9.99338007665934
2,27,4.14,-10.0056867366371
2,27,4.15,-10.017767421915
2,27,4.16,-10.0294599278382
2,27,4.17,-10.0406301578962
2,27,4.18,-10.0511758444674
2,27,4.19,-10.0610258769631
2,27,4.2,-10.0701358979667
2,27,4.21,-10.0784812752373
2,27,4.22,-10.0860487322351
2,27,4.23,-10.0928278539843
2,27,4.24,-10.0988034505745
2,27,4.25,-10.1039494425062
2,27,4.26,-10.1082246060953
2,27,4.27,-10.1115702364508
2,27,4.28,-10.1139095775042
2,27,4.29,-10.115148738689
2,27,4.3,-10.1151787570695
2,27,4.31,-10.1138784557849
2,27,4.32,-10.1111177770316
2,27,4.33,-10.1067613149801
2,27,4.34,-10.1006718291624
2,27,4.35,-10.0927135738955
2,27,4.36,-10.082755329391
2,27,4.37,-10.0706730629121
2,27,4.38,-10.0563521829311
2,27,4.39,-10.0396893759349
2,27,4.4,-10.0205940351511
2,27,4.41,-9.99898930405521
2,27,4.42,-9.97481276619756
2,27,4.43,-9.94801681770766
2,27,4.44,-9.91856876074953
2,27,4.45,-9.88645065603138
2,27,4.46,-9.85165897088652
2,27,4.47,-9.81420405697814
2,27,4.48,-9.7741094887464
2,27,4.49,-9.73141129061022
2,27,4.5,-9.68615707786365
2,27,4.51,-9.6384051332974
2,27,4.52,-9.58822343890071
2,27,4.53,-9.53568867958636
2,27,4.54,-9.48088523373119
2,27,4.55,-9.42390416341695
2,27,4.56,-9.36484221556298
2,27,4.57,-9.30380084363124
2,27,4.58,-9.24088525822473
2,27,4.59,-9.17620351366505
2,27,4.6,-9.1098656365021
2,27,4.61,-9.04198280086186
2,27,4.62,-8.97266655456615
2,27,4.63,-8.90202809905287
2,27,4.64,-8.83017762528522
2,27,4.65,-8.75722370706088
2,27,4.66,-8.68327275241856
2,27,4.67,-8.60842851319201
2,27,4.68,-8.53279165217983
2,27,4.69,-8.45645936688713
2,27,4.7,-8.37952506835034
2,27,4.71,-8.30207811318027
2,27,4.72,-8.22420358664846
2,27,4.73,-8.14598213439621
2,27,4.74,-8.06748984016047
2,27,4.75,-7.98879814678131
2,27,4.76,-7.90997381767905
2,27,4.77,-7.83107893595706
2,27,4.78,-7.75217093829512
2,27,4.79,-7.67330268084166
2,27,4.8,-7.59452253438404
2,27,4.81,-7.51587450616951
2,27,4.82,-7.43739838585934
2,27,4.83,-7.35912991321806
2,27,4.84,-7.28110096526549
2,27,4.85,-7.20333976074331
2,27,4.86,-7.12587107986843
2,27,4.87,-7.04871649745508
2,27,4.88,-6.97189462758466
2,27,4.89,-6.89542137808165
2,27,4.9,-6.81931021311279
2,27,4.91,-6.74357242226235
2,27,4.92,-6.66821739444663
2,27,4.93,-6.59325289501366
2,27,4.94,-6.51868534432888
2,27,4.95,-6.44452009607485
2,27,4.96,-6.37076171339157
2,27,4.97,-6.29741424085829
2,27,4.98,-6.22448147016888
2,27,4.99,-6.15196719718622
2,27,5,-6.07987546788319
2,30,2.5,-1.3280304310283
2,30,2.51,-1.38613300117084
2,30,2.52,-1.44684531357197
2,30,2.53,-1.51022150411179
2,30,2.54,-1.57631205476822
2,30,2.55,-1.6451629337396
2,30,2.56,-1.71681471060694
2,30,2.57,-1.79130167586008
2,30,2.58,-1.86865099930873
2,30,2.59,-1.94888196597181
2,30,2.6,-2.03200533046941
2,30,2.61,-2.11802283125292
2,30,2.62,-2.20692690383211
2,30,2.63,-2.29870062731233
2,30,2.64,-2.39331793113112
2,30,2.65,-2.49074407930035
2,30,2.66,-2.59093643849812
2,30,2.67,-2.6938455251152
2,30,2.68,-2.79941631616029
2,30,2.69,-2.90758980109964
2,30,2.7,-3.01830474732859
2,30,2.71,-3.13149965155108
2,30,2.72,-3.24711485250465
2,30,2.73,-3.36509478573168
2,30,2.74,-3.48539036582086
2,30,2.75,-3.60796148213125
2,30,2.76,-3.73277958645983
2,30,2.77,-3.85983033189739
2,30,2.78,-3.98911618939093
2,30,2.79,-4.12065892340654
2,30,2.8,-4.25450175569206
2,30,2.81,-4.39071099595693
2,30,2.82,-4.52937688331635
2,30,2.83,-4.67061337681586
2,30,2.84,-4.81455666911654
2,30,2.85,-4.96136227986962
2,30,2.86,-5.11120071005523
2,30,2.87,-5.26425179040355
2,30,2.88,-5.42069801212482
2,30,2.89,-5.58071725930254
2,30,2.9,-5.74447544562347
2,30,2.91,-5.91211957932315
2,30,2.92,-6.08377173780234
2,30,2.93,-6.25952433791703
2,30,2.94,-6.43943695808313
2,30,2.95,-6.62353482491222
2,30,2.96,-6.81180893783746
2,30,2.97,-7.00421768145524
2,30,2.98,-7.20068967154333
2,30,2.99,-7.40112749623009
2,30,3,-7.60541194584327
2,30,3.01,-7.81340627196463
2,30,3.02,-8.02495998002283
2,30,3.03,-8.23991164649721
2,30,3.04,-8.4580902709294
2,30,3.05,-8.6793147346814
2,30,3.06,-8.90339105018678
2,30,3.07,-9.13010724722711
2,30,3.08,-9.35922594812979
2,30,3.09,-9.59047491331218
2,30,3.1,-9.82353606590045
2,30,3.11,-10.0580336996156
2,30,3.12,-10.2935227112746
2,30,3.13,-10.5294777609941
2,30,3.14,-10.7652842457931
2,30,3.15,-11.0002318857904
2,30,3.16,-11.2335115867506
2,30,3.17,-11.4642160821663
2,30,3.18,-11.6913446925968
2,30,3.19,-11.9138123806228
2,30,3.2,-12.1304631261517
2,30,3.21,-12.340087489244
2,30,3.22,-12.5414440527452
2,30,3.23,-12.7332842352217
2,30,3.24,-12.9143797371437
2,30,3.25,-13.083551645678
2,30,3.26,-13.2397000051927
2,30,3.27,-13.3818324981948
2,30,3.28,-13.5090908083214
2,30,3.29,-13.620773272464
2,30,3.3,-13.7163525715732
2,30,3.31,-13.7954874388787
2,30,3.32,-13.8580276547465
2,30,3.33,-13.9040119434203
2,30,3.34,-13.9336588339371
2,30,3.35,-13.9473512213387
2,30,3.36,-13.9456164723438
2,30,3.37,-13.9291056606584
2,30,3.38,-13.8985777671045
2,30,3.39,-13.8548963234403
2,30,3.4,-13.7990441724623
2,30,3.41,-13.7321529332066
2,30,3.42,-13.6555273662218
2,30,3.43,-13.5706321454817
2,30,3.44,-13.4790187381017
2,30,3.45,-13.3822070056952
2,30,3.46,-13.2815701960483
2,30,3.47,-13.1782686128254
2,30,3.48,-13.0732418675118
2,30,3.49,-12.9672385130694
2,30,3.5,-12.8608559594034
2,30,3.51,-12.7545747625274
2,30,3.52,-12.6487838155242
2,30,3.53,-12.5437993221344
2,30,3.54,-12.4398813252091
2,30,3.55,-12.3372498658929
2,30,3.56,-12.2361006856415
2,30,3.57,-12.1366187843731
2,30,3.58,-12.0389875241338
2,30,3.59,-11.9433914297978
2,30,3.6,-11.8500122485208
2,30,3.61,-11.7590197338222
2,30,3.62,-11.6705602680239
2,30,3.63,-11.5847470241529
2,30,3.64,-11.5016544680134
2,30,3.65,-11.4213179320402
2,30,3.66,-11.3437367910383
2,30,3.67,-11.2688786276552
2,30,3.68,-11.1966822388227
2,30,3.69,-11.1270588529056
2,30,3.7,-11.0598921684191
2,30,3.71,-10.9950376930022
2,30,3.72,-10.9323211568196
2,30,3.73,-10.8715416882597
2,30,3.74,-10.8125318526004
2,30,3.75,-10.7555588312552
2,30,3.76,-10.7030660410117
2,30,3.77,-10.6620340390053
2,30,3.78,-10.6330481928985
2,30,3.79,-10.6036409428156
2,30,3.8,-10.5711773423083
2,30,3.81,-10.5389599582211
2,30,3.82,-10.5089146816874
2,30,3.83,-10.4817159691602
2,30,3.84,-10.4575318563996
2,30,3.85,-10.4363501262014
2,30,3.86,-10.418097176247
2,30,3.87,-10.4026788900809
2,30,3.88,-10.3899919760158
2,30,3.89,-10.3799238342826
2,30,3.9,-10.3723483191651
2,30,3.91,-10.3671207317407
2,30,3.92,-10.3640737154908
2,30,3.93,-10.363015011056
2,30,3.94,-10.3637277329844
2,30,3.95,-10.3659737236202
2,30,3.96,-10.3695004789456
2,30,3.97,-10.3740520251213
2,30,3.98,-10.3793838638239
2,30,3.99,-10.3852816242431
2,30,4,-10.3915823150176
2,30,4.01,-10.3981960781361
2,30,4.02,-10.4051252310608
2,30,4.03,-10.4124764051886
2,30,4.04,-10.4204611496952
2,30,4.05,-10.4293809383641
2,30,4.06,-10.439594463317
2,30,4.07,-10.4514684602936
2,30,4.08,-10.4653175748041
2,30,4.09,-10.4813428418878
2,30,4.1,-10.4995807584277
2,30,4.11,-10.5198744062389
2,30,4.12,-10.5418741908531
2,30,4.13,-10.5650692785907
2,30,4.14,-10.588843633603
2,30,4.15,-10.612544984966
2,30,4.16,-10.6355528574252
2,30,4.17,-10.6573334642548
2,30,4.18,-10.6774738648193
2,30,4.19,-10.6956935184518
2,30,4.2,-10.7118363515002
2,30,4.21,-10.7258494799908
2,30,4.22,-10.7377555101101
2,30,4.23,-10.7476243502266
2,30,4.24,-10.7555485489751
2,30,4.25,-10.7616241260463
2,30,4.26,-10.7659372181383
2,30,4.27,-10.7685558346778
2,30,4.28,-10.7695255730341
2,30,4.29,-10.7688681183228
2,30,4.3,-10.7665815582279
2,30,4.31,-10.7626418225801
2,30,4.32,-10.7570048121843
2,30,4.33,-10.7496089671587
2,30,4.34,-10.7403781359304
2,30,4.35,-10.7292246570444
2,30,4.36,-10.7160525790298
2,30,4.37,-10.7007609388852
2,30,4.38,-10.6832470117283
2,30,4.39,-10.6634094409039
2,30,4.4,-10.6411511622983
2,30,4.41,-10.6163820483017
2,30,4.42,-10.5890212136196
2,30,4.43,-10.5589989443055
2,30,4.44,-10.5262582305945
2,30,4.45,-10.490755901604
2,30,4.46,-10.4524633746785
2,30,4.47,-10.4113670436339
2,30,4.48,-10.3674683383853
2,30,4.49,-10.3207834937138
2,30,4.5,-10.2713430676648
2,30,4.51,-10.2191912507625
2,30,4.52,-10.1643850063517
2,30,4.53,-10.1069930803519
2,30,4.54,-10.0470949159029
2,30,4.55,-9.9847795050728
2,30,4.56,-9.92014420623148
2,30,4.57,-9.85329355202028
2,30,4.58,-9.78433806921854
2,30,4.59,-9.71339312829748
2,30,4.6,-9.6405778371351
2,30,4.61,-9.56601399028188
2,30,4.62,-9.48982508234462
2,30,4.63,-9.41213539150918
2,30,4.64,-9.3330691369581
2,30,4.65,-9.25274971195469
2,30,4.66,-9.17129899265449
2,30,4.67,-9.08883672125721
2,30,4.68,-9.00547996091449
2,30,4.69,-8.9213426188442
2,30,4.7,-8.83653503335569
2,30,4.71,-8.75116361994213
2,30,4.72,-8.66533057122951
2,30,4.73,-8.57913360536782
2,30,4.74,-8.4926657573897
2,30,4.75,-8.40601520812704
2,30,4.76,-8.31926514544836
2,30,4.77,-8.2324936528399
2,30,4.78,-8.14577362068328
2,30,4.79,-8.05917267596228
2,30,4.8,-7.97275312654205
2,30,4.81,-7.88657191658551
2,30,4.82,-7.80068059008536
2,30,4.83,-7.71512525987395
2,30,4.84,-7.62994657981009
2,30,4.85,-7.54517971811079
2,30,4.86,-7.46085432998051
2,30,4.87,-7.3769945277719
2,30,4.88,-7.29361884687672
2,30,4.89,-7.21074020537854
2,30,4.9,-7.12836585518861
2,30,4.91,-7.04649732192184
2,30,4.92,-6.96513033014375
2,30,4.93,-6.88425470982286
2,30,4.94,-6.80385427885253
2,30,4.95,-6.72390669535876
2,30,4.96,-6.64438327218694
2,30,4.97,-6.56524874447261
2,30,4.98,-6.48646097957375
2,30,4.99,-6.40797061692798
2,30,5,-6.32972062370395
